{"cameraMode":{"drawMode":0,"name":"Shaded","section":"Shading Mode"},"sceneLighting":false,"audioPlay":false,"sceneViewState":{"showFog":true,"showMaterialUpdate":false,"showSkybox":false,"showFlares":true,"showImageEffects":true,"showParticleSystems":true},"in2DMode":false,"pivot":{"x":18.765897750854493,"y":0.9873898029327393,"z":24.452301025390626},"rotation":{"x":-0.011101648211479187,"y":0.5089340806007385,"z":0.0065483953803777699,"w":0.8607090711593628},"size":22.0,"orthographic":false}